1,"kim01","Kim",25,"010-1234-5678","kim@example.com"
2,"lee02","Lee",21,"010-2222-3333","lee@example.com"
3,"park03","Park",29,"010-3333-4444","park@example.com"
4,"choi04","Choi",24,"010-4444-5555","choi@example.com"
5,"jung05","Jung",27,"010-5555-6666","jung@example.com"
6,"han06","Han",31,"010-6666-7777","han@example.com"
7,"yoon07","Yoon",22,"010-7777-8888","yoon@example.com"
8,"lim08","Lim",26,"010-8888-9999","lim@example.com"
9,"seo09","Seo",28,"010-9999-0000","seo@example.com"
10,"shin10","Shin",30,"010-1010-2020","shin@example.com"
11,"oh11","Oh",23,"010-1111-2222","oh@example.com"
12,"kang12","Kang",32,"010-1212-3434","kang@example.com"
13,"hong13","Hong",26,"010-1313-1414","hong@example.com"
14,"multi14","Multi Line",27,"010-1414-1414","multi14@example.com"
